Rank,Name,Team,Pos,Underdog,Sleeper,Sleeper
1,Christian McCaffrey,SF,RB,1.4,1.8,6.5
2,CeeDee Lamb,DAL,WR,2,2.4,2.5
3,Tyreek Hill,MIA,WR,2.9,3.9,10.5
4,Justin Jefferson,MIN,WR,5.5,4.1,1.4
5,Ja'Marr Chase,CIN,WR,4.4,5.6,3
6,Bijan Robinson,ATL,RB,7.2,6,4.3
7,Amon-Ra St. Brown,DET,WR,6,6.1,5
8,Breece Hall,NYJ,RB,7.3,8.5,8.4
9,A.J. Brown,PHI,WR,8.9,9.8,13.1
10,Jahmyr Gibbs,DET,RB,12.4,10.5,9.1
11,Puka Nacua,LAR,WR,11.9,11.1,11.2
12,Garrett Wilson,NYJ,WR,10.2,12,12.3
13,Saquon Barkley,PHI,RB,19.3,13.6,20.8
14,Jonathan Taylor,IND,RB,15.8,13.7,13.2
15,Marvin Harrison,ARI,WR,13.6,15.1,6.2
16,Kyren Williams,LAR,RB,27.1,16.6,22.3
17,Drake London,ATL,WR,15.2,17.5,24.2
18,Travis Etienne,JAX,RB,43,18.7,17.8
19,Josh Allen,BUF,QB,37.4,19.9,20.3
20,Davante Adams,LV,WR,21.4,20.1,62.9
21,Chris Olave,NO,WR,19,20.4,19.5
22,De'Von Achane,MIA,RB,21.9,22.3,26.8
23,Derrick Henry,BAL,RB,29.4,23.9,51.5
24,Brandon Aiyuk,SF,WR,25.6,24.3,25.8
25,Sam LaPorta,DET,TE,36.6,25,15.4
26,Josh Jacobs,GB,RB,51.6,26.1,32.4
27,Nico Collins,HOU,WR,17.6,27.4,37.3
28,Travis Kelce,KC,TE,38.9,27.8,45.8
29,Mike Evans,TB,WR,25.3,29.3,62.8
30,Isiah Pacheco,KC,RB,37.7,30.3,33.2
31,Deebo Samuel,SF,WR,15.6,31.6,55.5
32,Jalen Hurts,PHI,QB,41.2,32.5,29.9
33,Jaylen Waddle,MIA,WR,20,33.5,27.4
T34,Patrick Mahomes,KC,QB,44.3,34.7,18.3
T34,Stefon Diggs,HOU,WR,33.1,34.7,61.1
36,DJ Moore,CHI,WR,30.8,36.6,40.5
37,Lamar Jackson,BAL,QB,47.5,37.1,34.2
38,Rachaad White,TB,RB,63,38.6,36.4
39,Malik Nabers,NYG,WR,25.4,39.2,16
40,Michael Pittman,IND,WR,34.3,40,34.6
41,DK Metcalf,SEA,WR,28.4,41.6,38.7
42,Cooper Kupp,LAR,WR,23.6,41.7,69.3
43,James Cook,BUF,RB,55.8,43.9,41.2
44,DeVonta Smith,PHI,WR,26,44.3,30.9
45,C.J. Stroud,HOU,QB,71.8,45.8,23.3
46,Trey McBride,ARI,TE,45.9,46.4,39.9
47,Joe Mixon,HOU,RB,62.5,47.7,59.8
48,Kenneth Walker,SEA,RB,67,48.3,31.5
49,Mark Andrews,BAL,TE,48.7,48.5,50.6
50,Dalton Kincaid,BUF,TE,51.2,50.8,44.5
51,Alvin Kamara,NO,RB,72.8,51.5,69.6
52,Zay Flowers,BAL,WR,37.1,52.6,41.4
53,Tank Dell,HOU,WR,35.6,53.3,46.8
54,Anthony Richardson,IND,QB,56.8,54.4,52.8
55,George Pickens,PIT,WR,42.3,55,57.8
56,Amari Cooper,CLE,WR,40.3,55.9,83.6
57,Tee Higgins,CIN,WR,43.4,57.7,47.6
58,Aaron Jones,MIN,RB,80.7,58.1,85.4
59,Kyle Pitts,ATL,TE,60.5,59.4,48.7
60,James Conner,ARI,RB,79.4,60.4,102.5
61,George Kittle,SF,TE,63.2,61.2,79.7
62,Joe Burrow,CIN,QB,90.2,62.5,54.1
63,Keenan Allen,CHI,WR,55.4,62.7,101.6
64,David Montgomery,DET,RB,72.9,64.5,76.6
65,Christian Kirk,JAX,WR,47.1,65.8,89.9
66,D'Andre Swift,CHI,RB,91.4,66.5,53.5
67,Terry McLaurin,WAS,WR,51.1,67.7,83.2
68,Rhamondre Stevenson,NE,RB,82.5,68.6,66.9
69,Rome Odunze,CHI,WR,66.9,69.3,27.3
70,Jayden Reed,GB,WR,60.2,69.6,75.7
71,Evan Engram,JAX,TE,75.2,71.4,96.7
72,Kyler Murray,ARI,QB,76,72.8,87.9
73,Najee Harris,PIT,RB,84.1,73.1,80.6
74,Dak Prescott,DAL,QB,95.1,74,107.6
75,Xavier Worthy,KC,WR,64,75.6,55
76,Zamir White,LV,RB,89.1,76.6,82.5
77,Jordan Addison,MIN,WR,86,76.8,60
78,Chris Godwin,TB,WR,61.4,78.8,97
79,Raheem Mostert,MIA,RB,92.6,79.9,116.1
80,Calvin Ridley,TEN,WR,57.7,80.4,100.7
81,Marquise Brown,KC,WR,55.2,81.2,106.8
82,Brock Bowers,LV,TE,96.4,82.8,43.8
83,Tony Pollard,TEN,RB,102.4,83.5,78.1
84,Rashee Rice,KC,WR,54.1,83.9,68
85,Jordan Love,GB,QB,96.8,85.1,72.1
86,Ladd McConkey,LAC,WR,74,86,65.2
87,Jonathon Brooks,CAR,RB,92.6,87.2,58.8
88,Jake Ferguson,DAL,TE,84.4,88.4,88.1
89,David Njoku,CLE,TE,99.9,89.5,90.9
90,Nick Chubb,CLE,RB,126.9,90.2,93.8
91,Zack Moss,CIN,RB,99.2,90.7,108.5
92,Diontae Johnson,CAR,WR,68.2,92.3,111.8
93,Javonte Williams,DEN,RB,110.1,93.5,74.3
94,DeAndre Hopkins,TEN,WR,82.7,94,137
95,Jaylen Warren,PIT,RB,86.4,95.6,92.9
96,Austin Ekeler,WAS,RB,129.9,96.1,110.1
97,Brian Thomas,JAX,WR,76.7,97.1,71.8
98,Keon Coleman,BUF,WR,76.2,97.8,67.1
99,Caleb Williams,CHI,QB,112.1,99.1,48.9
100,Brock Purdy,SF,QB,111.7,100.3,104.6
101,Devin Singletary,NYG,RB,110,101.9,111.2
102,Christian Watson,GB,WR,69.4,102.1,97.8
103,Jaxon Smith-Njigba,SEA,WR,75.3,103.3,64.9
104,Trey Benson,ARI,RB,120.3,104.3,73.6
105,Tua Tagovailoa,MIA,QB,124,104.4,117.6
106,Brian Robinson,WAS,RB,104.7,106.5,104.3
107,Dallas Goedert,PHI,TE,115.6,107.8,120.7
108,Gus Edwards,LAC,RB,120.6,108.4,123.9
109,Tyjae Spears,TEN,RB,108.4,109.1,90.3
110,Jameson Williams,DET,WR,82.6,110.8,109
T111,Jayden Daniels,WAS,QB,101.1,111.2,86
T111,Jared Goff,DET,QB,125.2,111.2,128.8
113,T.J. Hockenson,MIN,TE,143,113.9,76.9
114,Ezekiel Elliott,DAL,RB,124.3,114,144.5
115,Courtland Sutton,DEN,WR,96,115.2,132.2
116,Dalton Schultz,HOU,TE,132.5,116.5,121.3
117,Blake Corum,LAR,RB,121.7,117.2,95.2
118,Romeo Doubs,GB,WR,101.9,118.1,131.5
119,Curtis Samuel,BUF,WR,86.6,118.8,167.7
120,Justin Herbert,LAC,QB,140.3,120.9,81.9
121,Jerome Ford,CLE,RB,126,121.4,132.7
122,Tyler Lockett,SEA,WR,108.2,122.1,152.6
123,Chase Brown,CIN,RB,103.4,123.3,118.2
124,Adonai Mitchell,IND,WR,126.8,124.3,94.4
125,Trevor Lawrence,JAX,QB,118.8,125.4,113.7
126,Pat Freiermuth,PIT,TE,128.7,126,135.3
127,Zach Charbonnet,SEA,RB,133.3,127.2,114.6
128,Cole Kmet,CHI,TE,141.9,128.5,115.1
129,Khalil Shakir,BUF,WR,110.5,129.1,141.5
130,Jakobi Meyers,LV,WR,120.9,130,143.7
131,Xavier Legette,CAR,WR,148,131.9,99.5
132,Chuba Hubbard,CAR,RB,154.6,132.3,146.5
133,Jerry Jeudy,CLE,WR,123.1,132.9,127.1
134,Luke Musgrave,GB,TE,147.9,134.9,145.2
135,J.K. Dobbins,LAC,RB,150.7,135.5,149.4
136,Mike Williams,NYJ,WR,134.6,136.8,163.8
137,Kirk Cousins,ATL,QB,144.6,137.5,172
138,Rashid Shaheed,NO,WR,107.2,138.1,155.2
139,Joshua Palmer,LAC,WR,98.9,139.1,159.6
140,Aaron Rodgers,NYJ,QB,159.4,139.2,197.9
141,Matthew Stafford,LAR,QB,149.1,141.8,208
142,Jaylen Wright,MIA,RB,154.9,142.5,125.6
143,Gabe Davis,JAX,WR,133.2,143.6,151.9
144,Brandin Cooks,DAL,WR,115.2,144,191.4
145,Kendre Miller,NO,RB,193.7,145.7,124.5
146,Rico Dowdle,DAL,RB,132,146.1,188.8
147,MarShawn Lloyd,GB,RB,144.1,146.5,125.7
148,Josh Downs,IND,WR,138.8,148.4,122.4
149,Ty Chandler,MIN,RB,141,149.4,177.1
150,Tyler Allgeier,ATL,RB,146.8,150.9,148.5
151,Taysom Hill,NO,TE,215.5,151.7,202.7
152,Troy Franklin,DEN,WR,194.2,152.8,118.1
153,Ja'Lynn Polk,NE,WR,129.1,153.2,134.9
154,Ricky Pearsall,SF,WR,146.8,153.6,103.2
155,Baker Mayfield,TB,QB,165.7,155.6,184.1
156,Dontayvion Wicks,GB,WR,116.6,156.4,157.8
157,Jahan Dotson,WAS,WR,138.8,157.8,130.3
158,Antonio Gibson,NE,RB,169.5,158.6,165.7
159,Ben Sinnott,WAS,TE,201.5,159.8,139
160,Kimani Vidal,LAC,RB,175.1,160.4,160.1
161,Cade Otton,TB,TE,175.9,160.6,174.3
162,Jaleel McLaughlin,DEN,RB,152.4,162.5,195.2
163,Quentin Johnston,LAC,WR,172.9,163.1,139.5
164,Isaiah Likely,BAL,TE,176.2,164.5,142.5
165,Roman Wilson,PIT,WR,197,165.9,136.9
166,Ray Davis,BUF,RB,162.8,166.2,169.7
167,Deshaun Watson,CLE,QB,153.6,172.8,207.8
168,Darnell Mooney,ATL,WR,143.1,173.2,182
169,J.J. McCarthy,MIN,QB,209.9,174.5,129
170,Hunter Henry,NE,TE,158.5,174.8,213.8
171,Adam Thielen,CAR,WR,160.3,176,201.8
172,Tyrone Tracy,NYG,RB,192,177.3,185.3
173,Will Levis,TEN,QB,174.3,178.9,179.8
174,Tyler Conklin,NYJ,TE,169,179.7,244.2
175,Michael Wilson,ARI,WR,158.6,180.7,174.2
176,Elijah Mitchell,SF,RB,186.6,181.3,205.1
177,Braelon Allen,NYJ,RB,187.8,181.7,164.6
178,DeMario Douglas,NE,WR,157.4,183.1,178.9
179,Jermaine Burton,CIN,WR,168.6,184.5,146.1
180,Khalil Herbert,CHI,RB,177.3,185.7,188.9
181,Dameon Pierce,HOU,RB,196.3,186,173.8
182,Geno Smith,SEA,QB,169.4,187.6,246.3
183,Chigoziem Okonkwo,TEN,TE,198.4,188.2,181.9
184,Bucky Irving,TB,RB,172.8,188.8,166.2
185,Marvin Mims,DEN,WR,178.7,190.8,156.7
186,Malachi Corley,NYJ,WR,187,191.1,150
187,Luke McCaffrey,WAS,WR,197,192.3,153.3
188,Rashod Bateman,BAL,WR,161.7,193.7,187
189,Bryce Young,CAR,QB,193.6,194.7,167.4
190,Audric Estime,DEN,RB,186.2,195.6,176.1
191,Roschon Johnson,CHI,RB,203.9,196,162.8
192,Ja'Tavion Sanders,CAR,TE,214.8,197.7,153.8
193,Drake Maye,NE,QB,202.7,198.3,138.1
194,Noah Fant,SEA,TE,164.8,199,215.8
195,Alexander Mattison,LV,RB,214.1,200,202.7
196,Wan'Dale Robinson,NYG,WR,167.1,201.3,198.8
197,Justin Fields,PIT,QB,176.9,202.1,190.8
198,Bo Nix,DEN,QB,208.5,202.5,158.5
199,Keaton Mitchell,BAL,RB,215,204,160.9
200,Justin Tucker,BAL,K,-,205.2,276.2
201,Harrison Butker,KC,K,-,206.6,277.6
202,Brandon Aubrey,DAL,K,-,207.1,279.2
203,Evan McPherson,CIN,K,-,209.2,278.6
204,Younghoe Koo,ATL,K,-,211.2,282.4
205,Jake Elliott,PHI,K,-,213.5,284.7
206,Jake Moody,SF,K,-,214.8,286.7
207,Tyler Bass,BUF,K,-,215.2,290.4
208,Ka'imi Fairbairn,HOU,K,-,216.2,291
209,Cameron Dicker,LAC,K,-,218.3,292.1
210,Jason Sanders,MIA,K,-,219.6,296.1
211,Clyde Edwards-Helaire,KC,RB,214.9,221.6,223.7
212,Jalen Tolbert,DAL,WR,188.7,222.5,250.8
213,Dylan Laube,LV,RB,212.6,223.2,212.4
214,Demarcus Robinson,LAR,WR,170,223.6,244.6
215,Javon Baker,NE,WR,201,225.7,170.1
216,Jalen McMillan,TB,WR,172.9,226.3,180.3
217,Greg Dortch,ARI,WR,195,227.3,227.9
218,Jelani Woods,IND,TE,214,228,251.4
219,Daniel Jones,NYG,QB,188.3,229.2,255.9
220,Mike Gesicki,CIN,TE,206.4,230.4,228.5
221,Will Shipley,PHI,RB,210.4,230.7,183.1
222,Tank Bigsby,JAX,RB,211.2,232.6,199.5
223,Derek Carr,NO,QB,201,233.8,311.5
224,Colby Parkinson,LAR,TE,208.6,234.2,302.2
225,Theo Johnson,NYG,TE,209.6,235.9,200
226,DJ Chark,LAC,WR,187.3,236,226.6
227,Jonnu Smith,MIA,TE,184.7,237.2,349.5
228,Isaac Guerendo,SF,RB,215.8,237.8,193.4
229,Russell Wilson,PIT,QB,212.8,239.2,269.5
230,AJ Dillon,GB,RB,214.5,240.3,211.3
231,Tyler Boyd,TEN,WR,198.2,241.7,219.5
232,D'Onta Foreman,CLE,RB,215.7,242.4,260.1
233,Greg Dulcich,DEN,TE,212.5,243.4,214.8
234,Zach Ertz,WAS,TE,214.3,244.1,314.2
235,Odell Beckham,MIA,WR,214.3,244.5,230.5
236,Zay Jones,ARI,WR,214.6,246.1,230.5
237,Devontez Walker,BAL,WR,211.7,247.1,194.7
238,Brenden Rice,LAC,WR,215.7,248.8,186.6
239,Jalin Hyatt,NYG,WR,208.6,249.9,204.3
240,Tucker Kraft,GB,TE,214.2,250.5,195.4
241,Juwan Johnson,NO,TE,201.6,251.4,265.3
242,Dawson Knox,BUF,TE,212.8,252,254.6
243,Gardner Minshew,LV,QB,215.3,253.9,307.7
244,Michael Mayer,LV,TE,215.6,254.2,192.9
245,Daniel Carlson,LV,K,-,258.1,339
246,Trey Sermon,IND,RB,214.9,262.9,297.8
247,Justice Hill,BAL,RB,207.3,263.6,300.9
248,Chase Claypool,BUF,WR,216,264.3,256
249,Jamaal Williams,NO,RB,215.1,265.1,233.5
250,Michael Penix,ATL,QB,215.8,265.6,171.4
251,Treylon Burks,TEN,WR,213.2,267.3,209.8
252,Jonathan Mingo,CAR,WR,214.9,268.5,221.5
253,Elijah Moore,CLE,WR,214.9,269.8,216.4
254,Malik Washington,MIA,WR,214.8,270.2,209.5
255,Sam Darnold,MIN,QB,214.7,271.3,355.1
256,Rasheen Ali,BAL,RB,215.9,272.2,218
257,Kenneth Gainwell,PHI,RB,215.8,272.6,232.3
258,Josh Reynolds,DEN,WR,215.3,274.8,327.8
259,Darius Slayton,NYG,WR,213.2,275.6,267.7
260,Hayden Hurst,LAC,TE,215.2,276.5,352.4
261,K.J. Osborn,NE,WR,215.8,277.1,264.1
262,Evan Hull,IND,RB,216,278.6,258.4
263,Daniel Bellinger,NYG,TE,215.8,279.4,319.7
264,Kendrick Bourne,NE,WR,215.4,279.5,313.8
265,Miles Sanders,CAR,RB,215.4,281.9,236.6
266,Aidan O'Connell,LV,QB,215.7,282.5,362
267,Rondale Moore,ATL,WR,215.9,283.3,220.4
268,A.T. Perry,NO,WR,215.8,284,235.4
269,Deneric Prince,KC,RB,207.8,285.3,375.4
270,Jason Myers,SEA,K,-,286.2,383.5
271,Andrei Iosivas,CIN,WR,200.3,290.6,248.1
272,Louis Rees-Zammit,KC,RB,-,292.3,222.4
273,Jacoby Brissett,NE,QB,215.9,293.1,-
274,Deuce Vaughn,DAL,RB,216,295.3,251.9
275,Xavier Gipson,NYJ,WR,215.9,296.2,348.9
276,Tre Tucker,LV,WR,215.7,297.2,306.4
277,Frank Gore,BUF,RB,-,298,206.4
278,Kadarius Toney,KC,WR,215.9,299,275.4
279,Samaje Perine,DEN,RB,216,300.6,304.8
280,Gerald Everett,CHI,TE,216,300.7,367.9
281,Noah Brown,HOU,WR,215.7,302,317.6
282,Trey Palmer,TB,WR,215.9,303.6,270.2
283,Tommy DeVito,NYG,QB,216,305,-
284,Geor'quarius Spivey,KC,TE,-,306,-
285,Randy Bullock,FA,K,-,307,-
286,Kyle Allen,PIT,QB,-,309,-
287,Tre' McKitty,BUF,TE,-,310.5,-
288,James Looney,FA,TE,-,313,-
289,Brandon Allen,SF,QB,-,314,-
290,Stephen Gostkowski,FA,K,-,314.5,-
291,Patrick Taylor,SF,RB,-,316,-
292,Ronald Jones,FA,RB,-,317,685
293,Racey McMath,DAL,WR,-,318,-
294,Ronnie Bell,SF,WR,-,320,-
295,AJ McCarron,FA,QB,-,322,-
296,Elijah Higgins,ARI,TE,216,323,-
297,Mason Rudolph,TEN,QB,216,326,-
298,Matthew Trickett,FA,K,-,327.5,-
299,Andre Szmyt,FA,K,-,328,-
300,Chad Williams,FA,WR,-,329,-
301,Matt Corral,FA,QB,-,330,-
302,Lil'Jordan Humphrey,DEN,WR,-,331.5,-
303,Boston Scott,LAR,RB,-,332,-
304,Cyril Grayson,FA,WR,-,333,-
305,Marcedes Lewis,CHI,TE,-,334,-
306,Mason Pline,SF,TE,-,335,-
307,Pro Wells,FA,TE,-,336,-
308,Chris Naggar,FA,K,-,337,-
309,Trace McSorley,FA,QB,-,338,605.8
310,Graham Gano,NYG,K,-,339.2,543
311,Mack Hollins,BUF,WR,215.9,340,632.7
312,Aidan Robbins,CLE,RB,-,341,-
313,Matt Breida,SF,RB,216,342.5,566
314,Ameer Abdullah,LV,RB,-,343,458
315,Harrison Mevis,CAR,K,-,345,626.5
316,Josh Love,FA,QB,-,346,-
317,Henry Ruggs,FA,WR,-,347.1,386.5
318,Randall Cobb,FA,WR,-,349.5,-
319,Charlie Smyth,NO,K,-,349.7,-
320,Chad Henne,FA,QB,-,351.8,633.5
321,K.J. Costello,FA,QB,-,352,-
322,Elliott Fry,FA,K,-,353.7,-
323,Brayden Narveson,TEN,K,-,354,-
324,Ray-Ray McCloud,ATL,WR,215,358.8,412
325,Jalen Nailor,MIN,WR,215.9,359.5,456.9
326,Jimmy Graham,FA,TE,-,360.5,-
327,Blaine Gabbert,FA,QB,-,361.8,-
328,Joel Stave,FA,QB,-,362,-
329,Justin Hardy,FA,WR,-,363,-
330,Jalen Brooks,DAL,WR,216,363.2,689.5
331,Tristan Vizcaino,FA,K,-,366,-
332,Brian Hoyer,FA,QB,-,367,-
333,Matt Landers,CLE,WR,-,368,-
334,Will Reichard,MIN,K,-,369.8,333.5
335,Tim Boyle,HOU,QB,-,370,-
336,Robbie Chosen,SF,WR,-,370.5,-
337,Jordan Mason,SF,RB,211,372.4,346.2
338,Mohamed Ibrahim,FA,RB,-,375.8,575.5
339,James Turner,FA,K,-,376,-
340,Mason Crosby,FA,K,-,378,-
341,Josh Whyle,TEN,TE,216,379.5,670.5
342,Antonio Brown,FA,WR,-,380.2,608.6
343,Jaret Patterson,LAC,RB,-,381,461.2
344,Tim Tebow,FA,TE,-,382.6,694.9
345,Jerick McKinnon,FA,RB,216,383.5,394.5
346,Kayshon Boutte,NE,WR,216,384.5,642.2
347,Skyy Moore,KC,WR,-,386.3,323
348,Case Cookus,FA,QB,-,388,-
349,Julio Jones,FA,WR,-,389.8,395.5
350,Melvin Gordon,FA,RB,-,390,-
351,Redford Jones,FA,K,-,391,-
352,Spencer Shrader,IND,K,-,394,-
353,Warren Jackson,FA,WR,-,395,-
354,Cam Akers,HOU,RB,215.8,396.1,320.2
355,John Parker Romo,FA,K,-,397,-
356,Ryan McDaniel,FA,WR,-,398.3,-
357,Isaiah Davis,NYJ,RB,216,398.5,257.9
358,Nathaniel Peat,DAL,RB,-,400.3,-
359,Foster Moreau,NO,TE,-,402.5,-
360,Matt Prater,ARI,K,-,403.6,528.7
361,Thomas Hennigan,FA,WR,-,404.5,-
362,Dennis Houston,NYG,WR,-,405.5,-
363,Jake Bates,DET,K,-,407.1,585.6
364,Justyn Ross,KC,WR,216,408.5,-
365,Devin Phelps,FA,WR,-,409.3,-
366,Easton Stick,LAC,QB,-,411,-
367,Jalan McClendon,FA,QB,-,412.3,-
368,Chase McLaughlin,TB,K,-,412.5,-
369,Jake Haener,NO,QB,-,414.5,-
370,Royce Freeman,DAL,RB,216,415.9,-
371,Chris Boswell,PIT,K,-,416.1,550
372,Durham Smythe,MIA,TE,216,417.3,636.7
373,Leonard Fournette,FA,RB,-,419.3,-
374,Drew Plitt,FA,QB,-,422,-
375,Rob Gronkowski,FA,TE,-,424.9,598.8
376,Keaontay Ingram,KC,RB,-,425.7,-
377,Rex Burkhead,FA,RB,-,426.2,-
378,Cairo Santos,CHI,K,-,426.5,380
379,La'Michael Pettway,NE,TE,-,428.6,-
380,Isaiah Williams,DET,WR,-,429,388.2
381,Jordan Mims,NO,RB,-,430,616
382,David Marvin,FA,K,-,431.5,-
383,John Metchie,HOU,WR,216,432.2,258
384,Drew Anderson,FA,QB,-,433,-
385,Josh Rosen,FA,QB,-,434,-
386,Hunter Renfrow,FA,WR,216,435.2,393.6
387,Davis Mills,HOU,QB,216,436.5,-
388,Dustin Hopkins,CLE,K,-,437.7,516.1
389,Jake Burt,FA,TE,-,438.7,-
390,Cam Little,JAX,K,-,440.5,525
391,Nick Folk,TEN,K,-,440.9,545
392,Todd Gurley,FA,RB,-,442.5,530.5
393,Mason Tipton,NO,WR,216,443,447.8
394,Jacob Cowing,SF,WR,215.9,444.4,229.7
395,Josh Pederson,JAX,TE,-,445.5,-
T396,Nyheim Hines,CLE,RB,216,447.5,662.5
T396,Vincent Testaverde,FA,QB,-,447.5,-
398,Devin Duvernay,JAX,WR,-,449.7,-
399,Mac Jones,JAX,QB,-,450,-
400,Colson Yankoff,WAS,TE,-,451.8,531.3
401,Matt Gay,IND,K,-,452.1,344.3
402,Greg Zuerlein,NYJ,K,-,453.9,332.7
403,Wil Lutz,DEN,K,-,454.1,657.6
404,Kyle Markway,FA,TE,-,456.1,-
405,Jude McAtamney,NYG,K,-,457,-
406,Dustin Crum,FA,QB,-,458,-
407,Blake Bortles,FA,QB,-,459,-
T408,Taulia Tagovailoa,FA,QB,-,461.5,-
T408,Kedon Slovis,IND,QB,-,461.5,-
410,Isaiah Spiller,LAC,RB,216,463,309.4
411,Thomas Odukoya,TEN,TE,-,465,-
412,KaVontae Turpin,DAL,WR,216,466.5,-
413,BJ Emmons,FA,RB,-,467,-
414,Joshua Karty,LAR,K,-,468.6,376.9
415,Zonovan Knight,DET,RB,-,469,-
416,Hamze El-Zayat,NYJ,WR,-,471.5,-
417,Shermari Jones,FA,RB,-,472.8,-
418,Zach Davidson,BUF,TE,-,473.8,-
419,Jack Colletto,PIT,FB,-,474.8,-
420,Jake Bobo,SEA,WR,216,475.5,349.6
421,Jordan Whittington,LAR,WR,215.5,475.9,335.8
422,Sean Tucker,TB,RB,-,477,373.4
423,Kyle Juszczyk,SF,FB,216,478.5,-
424,Mike White,MIA,QB,216,479,-
425,Daniel Crawford,FA,TE,-,480.5,-
T426,Demetrius Harris,FA,TE,-,482.5,-
T426,Cameron Latu,SF,TE,-,482.5,-
428,Marcus Green,FA,WR,-,484.6,402.5
429,Tyre Brady,FA,WR,-,485.2,-
430,Brayden Willis,SF,TE,-,486,-
431,Cornelius Johnson,LAC,WR,-,487.5,247.1
432,Cary Angeline,FA,TE,-,489.3,-
433,Luke Schoonmaker,DAL,TE,216,489.5,330.7
434,Stetson Bennett,LAR,QB,-,491,-
435,Ryan Tannehill,FA,QB,-,493.5,-
436,Blake Whiteheart,ARI,TE,-,494,-
437,Blake Grupe,NO,K,-,495.1,-
438,Sione Vaki,DET,RB,216,496.4,342.4
439,Joe Milton,NE,QB,216,497,360.1
440,Josh Johnson,BAL,QB,216,498.2,-
441,Chris Moore,ARI,WR,-,499.5,-
442,John Ross,PHI,WR,216,500.3,511
443,Johnny Wilson,PHI,WR,214,501.8,249.5
444,Parker Washington,JAX,WR,215.9,502.8,369.2
445,Devaughn Vele,DEN,WR,216,503.8,-
446,Thyrick Pitts,FA,WR,-,504,-
447,Robert Woods,HOU,WR,-,505,-
448,Keith Kirkwood,BAL,WR,-,506,-
449,Peyton Barber,FA,RB,-,507,-
450,Nathan Peterman,FA,QB,-,508.5,-
451,Deonte Harty,BAL,WR,-,509.5,-
452,Brian Lewerke,FA,QB,-,510,-
453,Will Mallory,IND,TE,-,510.5,-
454,Anders Carlson,GB,K,-,512,-
455,Eno Benjamin,FA,RB,-,513.5,-
456,Jawhar Jordan,HOU,RB,215.9,514.5,310
457,Terique Owens,SF,WR,-,515,520.8
458,Van Jefferson,PIT,WR,215.6,517.3,382.3
459,David Bell,CLE,WR,-,517.5,-
460,Quez Watkins,PIT,WR,-,519.6,-
461,Jauan Jennings,SF,WR,212,520.9,377.6
462,Isaiah Wright,FA,WR,-,521,-
463,Logan Woodside,CIN,QB,-,522,-
464,Michael Carter,ARI,RB,-,523,368.8
465,Justin Watson,KC,WR,216,524.7,524.5
466,Cody Schrader,SF,RB,-,524.8,325.4
467,Sean Clifford,GB,QB,-,526,-
468,Jalen Reagor,NE,WR,-,527.5,-
469,Dyami Brown,WAS,WR,216,528,-
470,Jase McClellan,ATL,RB,216,529.4,314.9
471,Tip Reiman,ARI,TE,-,530,-
472,Spencer Rattler,NO,QB,216,531.2,243.6
473,Parker Houston,FA,TE,-,531.5,-
474,Zach Evans,LAR,RB,-,533.5,-
475,Darnell Washington,PIT,TE,216,534,359
476,Rashaad Penny,FA,RB,-,535.8,370
477,Parris Campbell,PHI,WR,216,536.2,-
478,Bo Melton,GB,WR,215.4,537.4,312.6
479,Isaiah Hodgins,NYG,WR,-,538,696.2
480,J.J. Howland,FA,TE,-,538.5,-
481,Keilan Robinson,JAX,RB,216,540.4,356.7
482,Jeff Wilson,MIA,RB,216,541.9,-
483,Alec Pierce,IND,WR,215.5,542.1,262.9
484,Jamari Thrash,CLE,WR,216,543.7,274.4
485,Bub Means,NO,WR,216,544.3,307
486,Carson Wentz,KC,QB,-,545.3,-
487,Donovan Peoples-Jones,DET,WR,216,545.8,328.2
488,Dallin Holker,NO,TE,216,547.8,389.5
489,Reggie Begelton,FA,WR,-,548,-
490,Jared Wiley,KC,TE,215.9,549.1,223.6
491,Brandon McManus,FA,K,-,550.7,-
492,Kevin Harris,NE,RB,-,551.7,-
493,Adam Trautman,DEN,TE,216,552.8,-
494,Cade Stover,HOU,TE,216,552.9,216.2
495,Tyler Scott,CHI,WR,216,555.8,391.9
496,Patrick Ricard,BAL,FB,-,557.9,-
497,Connor Slomka,FA,FB,-,558,-
498,Zack Kuntz,NYJ,TE,-,559,-
499,JuJu Smith-Schuster,NE,WR,216,559.1,253.5
500,Jameis Winston,CLE,QB,216,561.7,-
501,Johnny Mundt,MIN,TE,-,562.5,-
502,Kareem Hunt,FA,RB,-,563.6,358.8
503,Brandon Smith,NYJ,WR,-,564,-
504,Cedric Tillman,CLE,WR,215.4,565.8,271.4
505,Chris Rodriguez,WAS,RB,216,566.3,268.7
506,Trey Lance,DAL,QB,216,566.4,356.2
507,Jake Browning,CIN,QB,216,568.9,690.5
508,Michael Thomas,FA,WR,216,569.5,326.8
509,Erik Ezukanma,MIA,WR,-,570,-
510,Nelson Agholor,BAL,WR,215.9,571.5,675.3
511,Jalen Coker,CAR,WR,-,572.5,305
512,Jaylen Samuels,FA,RB,-,573,436
513,Caleb Huntley,FA,RB,-,574,-
514,Lucas Krull,DEN,TE,216,575.6,641.9
515,Mitch Trubisky,BUF,QB,216,576.5,-
516,Emari Demercado,ARI,RB,216,577.3,363.7
517,Eric Gray,NYG,RB,215.5,578.8,300.4
518,Chris Streveler,FA,QB,-,579,-
519,Kalif Raymond,DET,WR,215,580.8,629.9
520,Ty Johnson,BUF,RB,216,580.9,666.4
521,Bryce Perkins,FA,QB,-,582,-
522,Cedrick Wilson,NO,WR,216,583.4,531.8
523,Davis Allen,LAR,TE,215.9,584.4,643
524,Ryan Flournoy,DAL,WR,216,585.6,303.6
525,Jimmy Garoppolo,LAR,QB,-,586.5,-
526,Hunter Luepke,DAL,FB,216,587.5,-
527,Chase Edmonds,TB,RB,216,587.7,-
528,Tyler Higbee,LAR,TE,215.9,589.7,372.9
529,Dillon Johnson,CAR,RB,-,590.1,351.1
530,Aldrick Rosas,FA,K,-,591.2,-
531,Jaheim Bell,NE,TE,-,592.3,272.3
532,Tutu Atwell,LAR,WR,215.9,593.1,265.6
533,Michael Badgley,DET,K,-,594.2,663.3
534,Charlie Jones,CIN,WR,-,594.5,683.2
535,Marquez Valdes-Scantling,BUF,WR,216,597.6,347.1
536,Donald Parham,LAC,TE,215.9,598.4,-
537,Ainias Smith,PHI,WR,216,599.7,261.6
538,Allen Lazard,NYJ,WR,215.6,600.7,318
539,Ashton Dulin,IND,WR,-,601.5,-
540,Noah Gray,KC,TE,215.9,601.9,354.5
541,Emani Bailey,KC,RB,-,603.7,299.3
542,Joe Flacco,IND,QB,216,604.1,-
543,Blake Watson,DEN,RB,-,605.3,324.3
544,Kene Nwangwu,MIN,RB,-,606.5,401
545,Dalvin Cook,FA,RB,216,607.3,234.4
546,Calvin Austin,PIT,WR,215.6,608.9,316.8
547,Danny Etling,FA,QB,-,609,-
548,Erick All,CIN,TE,216,610.8,225.2
549,Will Dissly,LAC,TE,215.8,611.6,685.7
550,Cordarrelle Patterson,PIT,RB,215.9,612.9,-
551,Logan Thomas,SF,TE,216,613.4,631.5
552,Kenny Stills,FA,WR,-,614,582.5
553,Aron Cruickshank,FA,WR,-,615.2,-
554,Joshua Dobbs,SF,QB,-,615.8,-
555,Jarrett Stidham,DEN,QB,216,617.6,-
556,Braxton Berrios,MIA,WR,-,618.5,417
557,Derek Carrier,FA,TE,-,619.7,-
558,Ellis Richardson,FA,TE,-,620,-
559,Antonio Williams,FA,RB,-,621,-
560,D'Vonte Price,FA,RB,-,622,-
561,Adrian Peterson,FA,RB,-,622.5,425.8
562,Holton Ahlers,FA,QB,-,624,-
563,Hendon Hooker,DET,QB,216,625.4,384.9
564,Geremy Davis,FA,WR,-,626,-
565,Hassan Haskins,TEN,RB,-,627.3,-
566,Kyle Williams,FA,WR,-,628,-
567,Charlie Kolar,BAL,TE,-,629,-
568,Tyler Davis,FA,K,-,630,-
569,Michael Gallup,FA,WR,-,631.3,331.4
570,Mecole Hardman,KC,WR,216,632.3,622.3
571,Tom Kennedy,DET,WR,-,633,692
572,LaQuvionte Gonzalez,FA,WR,-,634,-
573,Xazavian Valladay,NYJ,RB,-,635.4,-
574,Taiwan Jones,FA,RB,-,636,504
575,Julius Chestnut,TEN,RB,-,636.7,-
576,Kenji Bahar,FA,QB,-,638,-
577,Zach Zenner,FA,RB,-,639,535
578,Dorian Thompson-Robinson,CLE,QB,-,640.3,-
579,DeWayne McBride,MIN,RB,-,641.7,-
580,DeVante Parker,FA,WR,-,643.3,-
581,Ricky Person,FA,RB,-,644,-
582,Nikko Remigio,KC,WR,216,645,-
583,John Brown,FA,WR,-,647,486
584,Josh Gordon,FA,WR,-,648,477.5
585,Tyler Snead,FA,WR,-,649,-
586,Israel Abanikanda,NYJ,RB,-,650.8,272.3
587,Adonis Jennings,FA,WR,-,651,441
588,Nick Brossette,FA,RB,-,652,-
589,Kenny Pickett,PHI,QB,-,653.4,-
590,DeeJay Dallas,ARI,RB,-,654,-
591,Spencer Ware,FA,RB,-,655,450
592,Sam Howell,SEA,QB,216,656.9,321
593,Craig Reynolds,DET,RB,-,657.5,-
594,Kerryon Johnson,FA,RB,-,657.8,-
595,Devontae Jackson,FA,RB,-,659,523.3
596,Jacob Harris,PHI,WR,-,660.7,-
597,Grant Calcaterra,PHI,TE,216,661,-
598,Nick Mullens,MIN,QB,-,662,-
599,Mike Thomas,FA,WR,-,663,-
600,Tim Patrick,DEN,WR,216,664.1,547.9
601,Eric Tomlinson,IND,TE,-,665,659
602,David Johnson,FA,RB,-,666,465
603,Drew Lock,NYG,QB,216,667.1,-
604,Elijah Dotson,LAC,RB,-,668,-
605,Dalton Keene,HOU,TE,-,669,-
606,Lamar Atkins,FA,FB,-,670,-
607,Valentine Holmes,FA,RB,-,671,700
608,Rakeem Boyd,FA,RB,-,672,546
609,Xavier Hutchinson,HOU,WR,216,673,669.8
610,Deshaun Fenwick,FA,RB,-,674,-
611,Lamar Miller,FA,RB,-,675,564
612,Phillip Lindsay,FA,RB,-,676,414
613,Cam Sutton,FA,TE,-,677,-
614,Tanner Hudson,CIN,TE,216,678,-
615,B.J. Baylor,FA,RB,-,679,-
616,Chad Beebe,FA,WR,-,680,-
617,Richie James,FA,WR,-,681,466.5
618,Jacob Saylors,NYG,RB,-,682,-
619,D'Ernest Johnson,JAX,RB,216,683,661.3
620,Javorius Allen,FA,RB,-,684.6,-
621,Camerun Peoples,FA,RB,-,685,-
622,Brandon Powell,MIN,WR,216,685.5,-
623,Jake Luton,CAR,QB,-,687,-
624,Tahj Washington,MIA,WR,-,688,321.4
625,Khalil Tate,FA,WR,-,689,397.5
626,Osirus Mitchell,FA,WR,-,690,-
627,Drake Stoops,LAR,WR,-,691,-
628,Alfred Morris,FA,RB,-,692,590.8
629,Jake Roh,FA,TE,-,693,-
630,Jordan Travis,NYJ,QB,-,694.3,263.8
631,Anthony Ratliff-Williams,FA,WR,-,695,-
632,Trey Burton,FA,TE,-,697.8,-
633,Josh Babicz,FA,TE,-,698.6,-
634,Robert Tonyan,MIN,TE,216,699.7,645
635,Carl Tucker,FA,FB,-,699.9,-